id,ano,valor_total
73486,2024,667780.2699999999
73486,2023,644056.539999999
220536,2024,635410.0700000001
224117,2025,634574.7300000001
224117,2024,627373.8300000001
220662,2024,621927.5499999996
220589,2025,618519.46
220537,2025,617489.93
220578,2025,617270.0200000001
204423,2024,615871.9699999999
220608,2025,615228.9100000004
220538,2025,614116.4
220588,2025,613995.7200000003
220539,2024,613995.5800000003
204360,2025,612235.3799999997
73486,2025,611758.3200000003
220538,2024,611348.7200000002
220591,2025,610769.0700000006
220590,2025,609034.1900000001
220597,2025,607179.33
220591,2024,606896.380000001
204557,2025,606604.5799999996
220537,2024,606129.5900000003
204423,2023,604737.9399999998
141459,2024,602617.589999999
141459,2025,602581.8199999997
160591,2024,602510.2299999986
220590,2023,602214.2699999992
220536,2023,601500.9099999998
141408,2024,601217.9799999996
160591,2023,600943.4899999993
204473,2024,600795.2699999998
178964,2025,600586.7799999997
74090,2024,598487.3399999999
220713,2024,598040.3899999984
230768,2025,597965.7900000004
220590,2024,597642.9300000005
220714,2024,597331.7899999996
204358,2023,596767.2900000002
123756,2025,596611.3899999994
220574,2024,595103.3199999988
220537,2023,594566.5799999997
204360,2023,593465.51
74044,2025,592381.4599999998
204453,2025,592224.5299999968
188097,2025,591388.13
220574,2025,591318.9599999996
204473,2025,591187.9300000002
204479,2025,591178.4800000002
204379,2023,591112.8499999997
74454,2024,590671.0500000003
160591,2025,590210.7699999998
204473,2023,590048.9700000003
141408,2023,590041.3700000006
178954,2025,589544.8100000008
160635,2025,588401.7900000002
74044,2023,588154.9900000001
220540,2025,588096.7699999998
109429,2025,587789.8599999996
204481,2025,587097.6800000004
204453,2024,586954.3099999974
220609,2025,586837.16
220666,2024,586393.7800000003
204378,2025,585394.8099999994
91228,2024,585360.04
220608,2024,584718.4999999999
220714,2025,584485.6499999998
141408,2025,583902.3199999996
220658,2024,583575.4299999997
204360,2024,583274.4
204479,2023,583008.53
153423,2024,582754.8600000003
122974,2025,582256.1599999999
123086,2024,580589.0399999991
204406,2023,580179.8799999998
220610,2025,580128.7099999994
220555,2024,580049.8799999998
220688,2025,579906.2899999995
220540,2024,579767.23
204488,2025,579463.05
220667,2025,579386.8599999998
141485,2025,579348.4600000005
74041,2025,578641.9199999991
204426,2024,578353.8799999999
204406,2024,578219.5500000003
204481,2024,577801.7099999995
220564,2025,577343.0399999995
91228,2025,577124.3799999999
204423,2025,576900.6000000001
178908,2024,576731.3799999999
204406,2025,576585.2799999996
143632,2024,576319.7899999998
220592,2025,575220.3299999997
74374,2025,575131.8500000004
204358,2025,575070.6699999998
178954,2024,574982.0900000007
178835,2024,574961.4999999997
204550,2023,574869.78
220539,2025,574811.9400000001
160629,2025,574632.5000000001
220610,2023,574514.7999999998
141421,2024,574133.6199999995
74374,2024,574031.5499999998
204479,2024,573887.5300000003
220609,2024,573873.7000000005
220589,2023,573578.6399999997
62881,2024,573261.5000000003
220546,2025,573059.0999999999
178908,2025,573051.03
74060,2024,572620.76
191923,2025,572440.0800000001
204426,2025,572151.3599999996
178997,2023,572098.94
220553,2025,572086.8099999985
74041,2024,571978.6199999991
178997,2025,571922.6299999999
141459,2023,571858.1800000004
220661,2024,571773.1899999996
204378,2024,571503.2300000001
220551,2025,571185.9299999999
204498,2024,571097.0500000003
220676,2025,571060.0199999997
220538,2023,570765.1899999998
213762,2025,570680.1999999997
178866,2024,570401.8499999994
133439,2025,570367.1399999999
74043,2025,570175.0999999997
204431,2024,569921.4900000003
180214,2024,569715.9200000003
123756,2024,569240.19
160517,2025,568874.8300000003
220708,2024,568849.3099999999
220588,2024,568839.6700000004
141421,2025,568656.2700000004
141470,2025,567840.6000000003
204495,2024,567838.4699999997
160665,2025,567630.9500000003
220573,2024,567566.9099999991
81055,2025,567438.9099999999
204396,2024,567399.34
220658,2025,567355.6300000001
109429,2024,567215.8899999993
178963,2024,567116.8299999995
160553,2024,566869.28
220697,2023,566827.7199999996
220610,2024,566699.5899999999
204379,2024,566418.0899999988
136811,2025,566058.72
81055,2024,565473.3499999989
191923,2024,565472.8599999999
74398,2023,565400.2999999982
220671,2024,565242.9699999999
160674,2025,565227.5900000002
220677,2024,565200.6999999997
220672,2025,564584.2700000001
204388,2023,564358.0300000007
160559,2024,563142.0400000004
141470,2024,562964.9399999994
204498,2023,562782.4699999992
74467,2023,562727.99
204427,2024,562580.6699999991
143632,2025,562445.1399999998
220574,2023,562287.6000000001
204498,2025,562211.0799999991
220662,2023,561812.5
220664,2024,561724.6299999997
204495,2023,561704.7600000001
220697,2024,561606.5300000001
220713,2023,561414.6200000002
220714,2023,560994.4500000001
204388,2024,560587.5400000005
220591,2023,560487.15
160538,2025,560415.3899999992
220573,2025,560335.6499999998
160635,2023,560275.1299999997
220539,2023,560240.4399999998
178963,2025,560020.49
88256,2025,559952.3099999996
220608,2023,559716.9300000002
204388,2025,559611.49
204426,2023,559315.61
139285,2024,559044.8399999996
180214,2025,558946.5400000002
153423,2023,558908.22
160553,2025,558747.2499999997
204416,2025,558660.95
220677,2025,558640.3499999997
141411,2024,558589.43
74060,2025,558554.0099999993
220672,2024,558439.4099999998
204557,2023,558375.8299999996
220664,2025,557916.0499999998
220584,2025,557791.8200000001
204367,2024,557510.7200000007
230767,2025,557426.3800000001
160538,2024,557274.2700000001
178835,2025,556991.8500000004
204409,2024,556771.8099999999
204362,2025,556551.1700000017
220662,2025,556390.1199999998
220536,2025,556290.6800000002
220582,2024,556134.1499999996
209189,2025,556072.6399999995
160673,2025,556022.9600000002
136811,2024,555971.1299999995
220582,2025,555913.4199999999
220581,2024,555536.5499999999
178954,2023,555530.78
74317,2024,555523.9399999998
220546,2024,555486.9100000003
73692,2025,555356.1999999997
74270,2024,555274.9500000001
74356,2025,554797.4200000002
220671,2023,554707.3599999996
220675,2024,554693.8999999998
220685,2024,554481.839999999
178887,2024,554381.3599999996
178964,2024,554229.8900000002
204416,2024,553940.2000000001
66385,2024,553938.6199999995
220672,2023,553834.4499999996
66385,2023,553746.5700000001
178908,2023,553272.1899999998
220581,2023,553103.39
204574,2025,553046.6100000005
204431,2023,552802.19
123086,2025,552786.5399999999
141485,2024,552573.0100000002
141411,2025,552520.5300000003
74467,2025,552346.17
220558,2025,552257.4800000008
220555,2025,552004.5100000001
204453,2023,551985.239999999
220699,2024,551984.45
204445,2025,551972.6199999995
220551,2024,551801.5699999995
220583,2024,551744.22
121948,2024,551421.4300000026
160548,2024,551013.740000001
220667,2024,550990.8099999992
220663,2025,550963.1800000002
220663,2024,550827.8199999995
220592,2023,550622.14
220699,2025,550578.2199999997
204427,2023,550523.3099999998
220558,2024,550479.5000000001
220712,2023,550104.4400000003
220559,2024,549852.9100000001
204408,2025,549712.4199999998
220697,2025,549614.4899999999
74398,2025,549605.5499999976
204504,2024,549451.4800000002
204367,2025,549443.1800000003
220548,2024,549396.2599999995
178866,2023,549295.8000000006
191923,2023,549184.1500000003
220581,2025,549115.9400000002
160665,2023,548916.1999999997
74084,2024,548827.0299999996
160673,2023,548766.7900000007
69871,2025,548565.01
204486,2025,548225.0999999995
220621,2025,548169.7999999996
220560,2025,548144.3000000002
220547,2025,548143.4900000001
204431,2025,547884.12
204416,2023,547854.6999999998
160559,2025,547566.1799999998
220671,2025,547505.2200000001
220595,2024,547406.2599999998
220558,2023,547330.9599999996
74084,2025,547088.12
122974,2024,546960.1699999997
220548,2025,546919.5299999998
220586,2025,546880.8199999997
73692,2024,546475.1799999997
139285,2025,546446.4099999996
209189,2024,546257.8899999993
104552,2025,546162.9800000001
220658,2023,546074.5600000003
74041,2023,545800.9400000006
160665,2024,545789.7599999994
220561,2024,545770.5499999997
92699,2024,545761.4399999995
204472,2023,545652.5200000007
220585,2025,545563.8200000001
141470,2023,545548.1900000001
220708,2025,545494.1400000001
220578,2024,545397.9799999997
122974,2023,545363.9000000001
74574,2025,545218.7099999993
220685,2025,545136.4299999999
204408,2024,544926.1299999993
153423,2025,544914.1399999998
220594,2024,544911.0899999999
220712,2025,544864.1200000001
74060,2023,544523.0699999995
220592,2024,544474.0399999997
220633,2024,544462.2699999999
220687,2025,544323.1200000002
204379,2025,544288.3399999999
74376,2025,543769.8200000002
123756,2023,543586.2099999997
220544,2024,543528.5499999999
74043,2024,543333.9399999995
204422,2024,543272.5799999996
204358,2024,543041.4299999996
160642,2025,542934.3600000001
220688,2024,542833.9299999991
220693,2025,542699.6
74376,2023,542666.5099999999
220701,2024,542639.4399999996
72442,2025,542556.1999999998
178989,2025,542429.4400000001
157130,2025,541905.6500000001
220542,2024,541760.2699999997
136811,2023,541673.030000001
74090,2025,541517.1699999999
74090,2023,541489.2300000003
178860,2025,541419.3999999999
220544,2025,541212.3600000001
178887,2023,541172.6
215043,2023,541137.9899999998
74057,2024,540867.8799999999
178927,2023,540805.1499999996
220695,2025,540727.6000000006
220700,2025,540619.94
220666,2025,540582.45
204488,2024,540527.1299999998
160674,2023,540433.7600000005
188097,2024,540403.1000000002
220561,2025,540332.6900000002
74043,2023,540194.0799999998
178843,2025,539814.1300000001
188097,2023,539745.4600000008
178887,2025,539741.2100000001
74428,2024,539667.8799999994
220670,2025,539658.4199999999
160604,2025,539495.7700000007
74554,2023,538913.6600000001
91228,2023,538817.35
204411,2023,538816.0299999997
74428,2025,538769.4100000001
160674,2024,538744.81
220685,2023,538685.4700000004
204394,2025,538580.6999999997
220573,2023,538537.3899999997
220666,2023,538461.1200000005
220703,2024,538269.3599999998
220624,2025,538260.8600000002
220675,2023,538093.5900000001
178866,2025,537884.3800000004
178829,2024,537872.38
220707,2025,537629.8500000001
88256,2024,537606.1399999997
204557,2024,537576.1899999996
220684,2025,537568.8600000008
220677,2023,537352.4200000003
204489,2025,537340.2999999999
220702,2025,537269.2699999998
104552,2024,537169.67
160600,2024,537050.1700000002
220682,2025,536782.5399999996
204368,2024,536711.6000000004
62881,2023,536564.4800000004
220553,2024,536353.7999999955
220674,2023,535970.1900000001
204427,2025,535867.6699999999
204559,2023,535766.8799999997
220556,2025,535470.939999999
220661,2025,535380.86
178829,2025,535362.6900000002
220542,2025,535362.32
220688,2023,535333.8700000002
220640,2024,534958.3199999996
73768,2025,534819.3499999999
204368,2025,534793.6699999998
204492,2024,534620.7799999997
178829,2023,534583.0000000003
220703,2025,534577.3399999999
178835,2023,534493.2099999991
220557,2025,534491.1100000002
162067,2024,534486.9799999999
220561,2023,534342.5399999996
204449,2025,534294.05
204472,2024,534215.2099999997
220584,2024,534210.3199999995
220695,2024,533683.29
204396,2023,533638.3799999998
220545,2025,533615.9999999998
98148,2025,533302.2600000005
141398,2025,533256.2000000001
74317,2025,532689.9500000002
220651,2024,532620.9999999998
92699,2025,532449.5700000001
160604,2023,532391.4199999993
220707,2023,532273.1200000002
74550,2025,532170.1800000002
204396,2025,532066.79
160548,2023,532000.9399999995
204572,2025,531678.57
92102,2025,531602.57
220665,2025,531520.3299999998
162332,2025,531516.5799999998
220682,2024,531391.3299999998
220631,2024,531390.6400000004
62881,2025,531385.0599999999
178933,2024,531134.4499999997
178860,2023,531099.7600000004
178931,2025,530854.9599999998
204409,2025,530675.4299999997
178927,2025,530512.1799999998
180214,2023,530385.17
178927,2024,530189.0600000005
74270,2025,530018.3900000002
220670,2024,530006.1
74454,2023,530004.0199999999
220690,2025,529885.4599999998
220669,2025,529870.8899999999
220696,2024,529764.2600000002
69871,2023,529747.1299999998
220668,2024,529539.6199999999
73531,2025,529536.5399999997
204351,2025,529496.5399999998
178934,2025,529223.7100000002
178934,2024,528858.3200000002
220690,2024,528756.1200000002
220551,2023,528379.5699999995
74398,2024,528176.7999999985
204351,2023,528035.59
204472,2025,528020.49
204355,2025,528018.2299999997
220694,2025,527898.1799999998
220529,2024,527740.2400000001
165470,2024,527733.2999999999
73768,2024,527647.3299999998
220584,2023,527567.1900000003
178929,2025,527427.7600000001
220543,2023,527365.6000000001
220695,2023,527260.3600000003
204567,2024,527185.7600000006
220543,2024,527176.2499999999
220540,2023,526791.38
220553,2023,526653.049999999
220692,2025,526632.1999999998
160559,2023,526602.77
178860,2024,526551.1499999997
74317,2023,526486.48
178993,2024,526455.5799999997
141458,2024,526405.3700000005
160758,2024,526400.3000000005
220586,2024,526361.6199999998
98615,2025,526025.2999999999
178910,2025,526018.9999999997
160610,2025,525979.1199999999
220578,2023,525951.2099999996
220692,2024,525818.3800000001
204486,2024,525754.6199999999
160527,2025,525704.5899999997
210989,2024,525677.96
220684,2024,525606.1200000005
178857,2024,525597.3999999973
80815,2025,525558.9499999997
143632,2023,525542.7800000001
220625,2025,525244.7800000005
205865,2025,525217.5400000002
74262,2024,525116.5699999988
160553,2023,525044.4200000012
226708,2024,524912.9400000002
220543,2025,524837.8900000004
73692,2023,524723.6100000009
160600,2025,524693.5000000005
220563,2025,524629.2600000001
162067,2025,524526.5199999992
160673,2024,524519.25
160600,2023,524503.6399999995
220555,2023,524437.2700000005
220583,2023,524380.08
74374,2023,524343.8
220648,2024,523978.9499999995
178929,2023,523928.7699999998
178843,2023,523824.96
204351,2024,523597.4200000003
220612,2025,523496.77000000025
178857,2023,523375.47999999934
204410,2023,523317.2999999998
220686,2025,523300.8599999999
178854,2024,523251.0700000002
220647,2024,523197.3399999998
204570,2023,523154.5300000002
178843,2024,523036.41
204511,2025,522921.26000000007
160548,2025,522631.80999999895
204356,2025,522602.2400000001
220529,2025,522446.1800000001
104552,2023,522393.4100000004
220557,2024,522327.5199999999
74356,2024,522084.90000000026
220554,2023,521917.27000000415
224333,2025,521611.50000000023
220641,2025,521553.2799999998
160569,2024,521532.87000000005
204559,2025,521476.1999999996
74400,2025,521414.54000000004
220554,2025,521387.5099999857
204395,2024,520904.9999999997
220702,2023,520730.63999999984
204410,2025,520722.9700000003
220546,2023,520642.09000000055
74383,2024,520609.0
160538,2023,520519.1100000007
204460,2025,520466.97999999963
178933,2025,520313.01999999996
220560,2023,520300.7299999999
220669,2024,520275.0999999999
220607,2025,520268.88000000006
204395,2023,520064.54
160517,2024,520060.1299999998
204574,2023,519974.0599999998
160610,2023,519704.5000000003
74159,2024,519545.3700000003
160569,2025,519532.9399999995
220594,2023,519499.5499999998
220668,2025,519490.26000000007
220706,2024,519476.67000000016
178964,2023,519216.15000000026
73433,2024,519006.5400000004
162332,2024,518844.80000000016
221328,2024,518783.93000000017
220704,2025,518699.18000000034
220556,2023,518554.8899999996
178966,2025,518186.2400000003
80815,2024,518119.11000000016
220642,2025,518013.4699999999
204504,2023,517958.74000000005
204411,2025,517907.91000000003
204534,2024,517899.32000000007
220701,2023,517892.41000000003
74383,2025,517790.94000000024
74273,2024,517614.1499999999
205476,2024,517505.7600000002
220618,2025,517370.9999999999
220683,2025,517247.40000000014
178881,2025,517236.4499999999
74478,2025,517097.32999999984
223128,2025,516966.01999999955
141464,2024,516916.5400000002
74383,2023,516901.7099999999
220674,2025,516759.48999999976
178871,2024,516751.47999999986
204567,2025,516715.3900000007
198783,2025,516569.1400000007
160758,2025,516395.9599999998
133439,2024,516378.76000000024
178997,2024,516345.75000000006
204534,2025,516328.8199999995
162067,2023,516288.6900000002
220597,2024,516275.69000000006
73778,2025,516233.80000000016
224117,2023,516019.27
204474,2025,515932.3900000004
204518,2025,515919.06
204367,2023,515852.64000000013
220691,2025,515838.18000000005
220690,2023,515664.23
178929,2024,515577.2399999992
220542,2023,515326.64
141398,2023,515006.7599999991
220559,2025,514993.25
215043,2024,514956.14000000036
204398,2023,514749.2200000004
220612,2024,514710.4000000002
226708,2025,514704.74000000017
220545,2023,514672.6399999999
92776,2024,514645.5400000004
220556,2024,514601.35999999964
220595,2023,514489.7999999997
141456,2024,514467.57000000007
220528,2025,514392.4200000003
204506,2025,514382.0700000001
178857,2025,514311.0999999989
220582,2023,514071.6699999999
204486,2023,513889.6600000006
220548,2023,513822.42999999993
150418,2025,513812.4499999998
178992,2024,513721.8099999996
74428,2023,513641.7100000001
204526,2024,513542.23000000103
220544,2023,513484.82
66828,2025,513458.39000000013
123086,2023,513428.5899999999
204501,2025,513397.2100000002
220640,2025,513355.4899999998
220586,2023,513126.4599999994
141421,2023,513101.9600000004
204355,2024,512298.5199999998
204378,2023,512161.1100000003
220572,2024,511807.07999999996
220708,2023,511776.81000000006
220595,2025,511726.2100000002
204518,2024,511503.8700000002
220606,2025,511310.16000000003
160592,2024,511307.18999999977
205865,2024,511255.16999999987
74273,2025,511088.55000000016
204526,2025,511060.01999999915
220625,2024,511041.3499999999
220640,2023,510941.4399999997
220530,2024,510817.82999999984
220692,2023,510546.94000000024
220633,2025,510475.0000000005
220664,2023,510281.4699999999
220684,2023,510223.07000000065
92102,2024,510210.47
204550,2025,510181.3200000001
220691,2024,509903.31999999995
220530,2025,509833.8400000002
141456,2025,509774.8
204504,2025,509715.1300000001
221328,2025,509629.8399999998
204455,2023,509603.5199999998
220598,2025,509593.73999999877
204395,2025,509465.6299999996
220545,2024,509465.09999999986
204480,2024,509458.7799999997
226837,2025,509311.8899999999
220696,2025,509304.33
178992,2025,509024.43
204422,2025,508928.8499999998
178858,2025,508895.2300000001
220563,2023,508800.71999999945
204525,2023,508790.82999999996
220700,2023,508531.67000000045
92776,2023,508448.61000000016
204480,2025,508407.8399999998
220663,2023,508308.52999999997
220668,2023,508273.4400000001
74299,2025,508177.7399999993
204455,2025,508110.89000000025
92102,2023,508014.31000000006
220603,2024,507886.2699999998
74156,2025,507713.39999999956
220649,2025,507701.7799999998
230957,2025,507668.9300000004
74550,2023,507351.3499999998
220648,2023,507314.71000000037
74156,2024,507277.6899999991
210989,2025,507078.1799999998
204398,2025,506905.86999999994
220620,2025,506721.47000000003
178871,2023,506291.96999999986
165470,2023,506184.9599999996
204407,2025,506158.02000000054
204356,2024,506094.42000000004
218086,2025,505799.0000000002
220681,2025,505741.13
220550,2024,505706.2800000002
66828,2024,505098.61999999994
220654,2025,505092.41000000027
220626,2024,505068.5499999997
178871,2025,504882.46000000014
178989,2023,504783.88000000006
220528,2024,504583.93
171617,2024,504322.7900000003
204398,2024,504296.59999999986
179001,2025,504259.2
141391,2024,504240.42999999964
178895,2025,504133.3299999999
224333,2024,504022.2700000003
206018,2024,503488.6099999986
141464,2023,503405.4300000005
160610,2024,503139.4899999996
160527,2024,503134.9300000003
179000,2024,503066.25
220620,2023,503048.08999999997
160642,2023,502906.5699999997
141398,2024,502811.9400000002
74467,2024,502788.01999999996
204501,2024,502760.04000000015
141518,2025,502579.3
204512,2024,502417.51999999967
215043,2025,502327.3299999999
74159,2023,502323.7300000004
160512,2024,502284.34000000055
220550,2023,502217.7000000003
160569,2023,502121.7000000003
220703,2023,502107.4000000001
141411,2023,501965.4100000001
220651,2025,501953.8900000004
74171,2024,501929.11000000004
160632,2025,501902.48
220628,2025,501900.6900000001
220696,2023,501890.7400000001
81055,2023,501870.65999999986
220669,2023,501827.73000000033
74585,2024,501801.0599999996
141464,2025,501795.08
220615,2025,501771.62000000046
133439,2023,501519.85000000044
160527,2023,501497.65
225730,2025,501479.54000000004
204560,2025,501477.7700000001
74160,2025,501397.51999999897
178970,2023,501356.92
73768,2023,501244.3100000005
218086,2024,501223.80000000016
204491,2024,501219.31
178993,2025,501087.09999999974
220576,2025,501070.2400000002
92699,2023,500941.1999999996
178993,2023,500745.01000000007
150418,2024,500698.7400000001
141516,2024,500393.6400000001
160601,2025,500212.22
204517,2024,500130.8199999999
204567,2023,499877.18000000063
179001,2023,499780.7200000004
220635,2023,499756.0299999994
220547,2024,499747.44000000035
220607,2024,499743.09
73604,2023,499683.03999999963
220606,2024,499643.5600000003
204491,2025,499607.55000000005
162332,2023,499572.56000000023
178987,2024,499408.45999999973
198197,2025,499253.0499999998
204517,2025,499245.3099999999
220633,2023,499228.6899999999
160517,2023,499000.77999999985
209189,2023,498964.89000000164
204481,2023,498673.3100000005
80815,2023,498592.6900000002
175765,2025,498433.5800000004
74585,2025,498432.7300000001
74262,2025,498293.4399999994
74262,2023,498159.7700000003
204412,2024,498064.1099999999
221148,2024,498058.9300000004
160518,2024,497843.75999999983
160598,2025,497719.9100000001
220629,2025,497622.1300000001
220615,2024,497562.4900000004
74253,2025,497482.0700000002
98615,2024,497468.2300000004
178858,2024,497426.8
160588,2024,497382.6999999998
74253,2024,497320.3900000001
74550,2024,497300.22
204457,2024,497066.9899999997
178947,2024,497030.8200000003
178933,2023,496969.0700000001
220572,2025,496907.3500000001
220694,2023,496884.05999999994
178947,2025,496837.81999999995
220617,2023,496589.69000000064
222429,2024,496420.6300000002
74057,2023,496195.10000000027
178931,2024,496132.3200000005
204464,2024,496119.18000000075
74057,2025,495991.3799999997
220527,2025,495893.21999999986
160518,2025,495724.8099999996
220559,2023,495639.5599999995
166402,2025,495599.61000000004
178876,2025,495556.91000000015
121948,2025,495541.07000000327
220567,2025,495516.32999999996
204391,2025,495504.84
204534,2023,495398.259999999
204391,2024,495383.31000000006
220566,2025,495353.27999999997
205550,2025,495345.27999999985
204512,2025,495297.96000000014
220654,2024,495245.4400000001
74158,2025,495189.13
141531,2025,495177.65999999974
204535,2025,495072.5599999998
137070,2023,495067.63999999996
220603,2025,495062.68000000005
166402,2024,494889.71000000014
204515,2024,494872.76000000036
160758,2023,494746.4699999998
178895,2024,494615.06999999995
220607,2023,494450.27999999985
74171,2025,494367.1200000001
220617,2025,494279.9299999998
204364,2025,494221.95999999996
204540,2024,494207.14
74356,2023,494104.93999999965
178896,2025,493940.4299999998
220604,2025,493350.42
160666,2025,493246.30000000005
220632,2024,493127.58999999973
160601,2024,493087.5200000001
204407,2023,493017.01000000077
220631,2025,492694.9199999998
141391,2025,492617.6099999994
160642,2024,492602.69000000006
204390,2025,492568.73000000004
220648,2025,492540.68000000005
220635,2025,492366.18999999994
204508,2024,492347.0499999998
178987,2023,492105.81999999966
220617,2024,492095.47000000015
141487,2024,492073.39999999973
220564,2023,492020.34999999916
150418,2023,491985.67000000045
141431,2025,491694.31000000006
220597,2023,491455.1500000001
226837,2024,491446.5499999999
220649,2023,491262.16999999975
220599,2025,491257.2800000001
220547,2023,491252.85000000015
178986,2024,491227.8200000001
178931,2023,491220.8399999999
214694,2024,491194.11000000045
220647,2025,491129.08000000013
204408,2023,491111.7099999992
204492,2023,491048.1899999999
204457,2023,491002.8399999997
220670,2023,490795.4800000002
204511,2023,490314.11999999906
204501,2023,490185.22
220706,2025,490148.58000000013
220527,2023,490132.24000000017
178876,2024,490093.9500000001
107970,2025,489968.85000000056
141431,2024,489948.0199999999
204506,2024,489898.40000000014
220628,2024,489862.40999999986
220632,2025,489752.30999999994
160601,2023,489698.4199999995
204540,2025,489507.2100000001
161550,2025,489402.5700000002
220557,2023,489286.53999999946
220603,2023,489275.07999999914
178858,2023,489182.01999999996
74371,2024,489158.80999999994
74161,2024,489157.91000000085
73433,2025,488690.79999999993
74376,2024,488383.98999999976
92776,2025,488381.9100000002
178963,2023,488365.73999999993
74159,2025,488288.9699999999
74554,2024,488182.3200000002
74371,2025,487910.20999999996
74537,2025,487582.6899999995
178910,2023,487484.9000000003
74283,2025,487438.8500000001
160535,2025,487355.51999999885
220631,2023,487297.51
220527,2024,487268.36999999976
141555,2023,487120.9399999994
204494,2025,487072.3699999999
222429,2025,486798.5299999999
160556,2025,486703.56999999954
178986,2025,486547.0599999995
178934,2023,486535.7399999998
220646,2025,486464.6500000004
204445,2024,486436.4499999999
178987,2025,486393.98000000004
220646,2023,486379.00999999983
160632,2024,486206.8199999999
220599,2024,486127.6699999999
220630,2024,486091.1899999998
160556,2024,485857.6299999995
220616,2024,485631.3700000002
179000,2025,485480.7200000004
220652,2024,485474.6100000003
220645,2024,485376.03999999975
107970,2024,485200.3700000004
220626,2025,485081.1800000001
73604,2025,485006.4199999999
141485,2023,484997.94000000024
204390,2024,484974.59
204539,2025,484919.6099999998
220529,2023,484442.31000000006
220530,2023,484403.5299999999
220626,2023,484330.7199999997
206018,2023,484307.0699999989
204518,2023,484281.82999999984
220611,2025,484278.37
220602,2024,484278.2800000002
74848,2025,483894.12999999995
141531,2024,483668.34999999957
204508,2025,483376.3500000001
204480,2023,483226.1800000001
220701,2025,483204.6900000001
204455,2024,483095.04000000056
138286,2025,483065.65000000014
205476,2023,482932.1899999997
204411,2024,482454.54000000004
160535,2024,482392.22999999917
178881,2023,482257.54999999976
160588,2025,482215.47999999986
220550,2025,481894.58999999973
220683,2023,481627.1900000005
220694,2024,481538.0200000002
141456,2023,481528.6500000001
160161,2023,481520.9799999998
204456,2025,481451.04999999993
220652,2023,481263.6000000002
74646,2025,481151.12000000017
220624,2024,481117.6100000003
220598,2024,481045.4300000004
220570,2024,480649.8000000001
98057,2025,480277.8499999999
204441,2025,480202.69999999995
88256,2023,479945.0799999998
221338,2025,479697.6399999995
204508,2023,479521.3100000003
198197,2024,479273.1899999993
178986,2023,479105.6299999997
204535,2024,478521.1799999998
74646,2024,478463.2000000006
66385,2025,478357.79000000004
220583,2025,478145.0400000001
171617,2025,477932.1900000003
204495,2025,477900.0399999999
220569,2025,477804.3199999999
204409,2023,477780.1900000004
74253,2023,477741.80999999953
178970,2024,477698.33000000037
179001,2024,477653.41000000015
160592,2025,477623.6299999998
160640,2025,477616.78
210989,2023,477266.77
220652,2025,477152.17999999993
220613,2024,477144.87000000005
220618,2024,477131.66000000003
160558,2023,476741.97000000026
204404,2025,476728.22999999934
72442,2024,476688.40999999957
220612,2023,476599.30999999976
69871,2024,476527.22000000055
204511,2024,476369.3999999998
220649,2024,476218.6
220693,2024,475742.61000000004
74156,2023,475663.84999999957
204356,2023,475652.0599999999
204460,2023,475307.8299999996
204457,2025,475077.33000000013
204492,2025,474813.61000000004
204412,2025,473877.0200000001
98057,2024,473873.0799999999
160632,2023,473809.4200000003
141450,2025,473392.70999999973
220615,2023,473201.939999999
204390,2023,473183.55
141555,2024,472665.51000000024
160161,2024,472506.5300000008
220647,2023,472306.8600000006
160592,2023,471866.1199999995
204441,2024,471838.85000000044
178943,2025,471801.1599999998
141516,2025,471491.1200000006
160666,2023,471490.69999999995
73701,2025,471467.2899999999
204445,2023,471370.78999999986
160588,2023,471247.78
204572,2024,470459.4300000006
141555,2025,470345.29000000027
220704,2023,470323.2899999996
220632,2023,470216.42999999743
178947,2023,469940.52999999956
74371,2023,469826.4999999999
221148,2025,469351.33999999985
204525,2025,469175.37
178854,2023,469162.26000000024
204364,2023,469126.8600000003
74856,2024,469088.6999999998
178992,2023,469044.0200000003
74856,2025,469017.1199999999
220552,2025,468808.7999999998
220700,2024,468693.9500000001
178937,2024,468301.3800000002
74537,2024,468246.2200000003
74574,2023,468026.33000000025
160512,2023,467838.68999999925
171786,2025,467474.38000000006
220655,2025,467463.95999999985
160976,2023,467394.8100000001
220599,2023,467161.87999999954
160558,2024,467118.76999999955
206018,2025,466851.12999999983
220620,2024,466554.79999999993
204517,2023,466452.93
160518,2023,466426.3299999997
122158,2025,466166.66000000027
73579,2024,465663.57999999996
204491,2023,465616.17000000016
179000,2023,465248.09000000026
214694,2023,464944.60999999975
74084,2023,464826.54999999976
220655,2024,464745.18999999977
74858,2023,464693.039999999
220606,2023,464549.689999999
160599,2025,464440.4399999978
74784,2025,464417.0899999997
220611,2024,464317.90000000055
204391,2023,464091.7
221328,2023,464051.6300000005
204464,2025,464049.6599999998
220611,2023,464045.9000000002
160599,2023,464038.58999999723
220526,2024,463461.4900000001
204506,2023,463417.63999999996
178972,2025,463216.74
220623,2023,463076.6599999994
204540,2023,462899.85
178873,2025,462813.56999999884
74161,2025,462810.4299999998
220693,2023,462315.07999999984
178970,2025,461982.52999999985
160558,2025,461728.73999999947
220699,2023,461690.79000000027
160552,2025,461682.1300000003
220570,2025,461657.65
161550,2024,461647.7699999999
139285,2023,461429.87000000017
205550,2023,461378.69000000076
160510,2025,461277.25999999983
171623,2023,461003.18999999977
220628,2023,461000.63
204462,2024,460910.60000000073
220602,2025,460783.8899999998
141487,2025,460702.80999999965
198783,2024,460661.9299999993
220605,2025,460654.8599999997
160976,2025,460502.68000000034
204419,2024,460077.7
221148,2023,459830.4900000001
220687,2023,459798.42000000004
204515,2023,459661.75999999983
74160,2024,459089.1900000001
204419,2023,457776.76999999996
226179,2025,457700.59000000043
220629,2024,457438.1499999999
204570,2025,455843.30000000005
220594,2025,455698.79999999993
220704,2024,455542.2100000002
74646,2023,455327.68000000034
107970,2023,454980.6000000003
204372,2025,454725.28
205476,2025,454717.0799999999
160640,2024,454632.7599999999
141487,2023,454455.1399999997
74585,2023,454335.5799999999
178943,2024,453909.7400000002
160556,2023,453628.64999999927
204355,2023,453342.2599999999
204524,2024,453001.35999999987
160666,2024,452627.00000000023
220625,2023,452348.99999999907
221338,2024,452092.8499999999
171786,2023,451825.2999999989
74283,2024,451623.22999999934
220605,2024,451418.11999999866
223128,2024,451265.9800000008
73701,2024,451131.0800000003
204524,2023,451105.5000000001
220645,2025,451089.2399999999
222429,2023,450840.1700000001
178910,2024,450578.74000000005
220655,2023,449805.49
220674,2024,449624.14999999985
220534,2024,449439.35
220528,2023,449188.9099999999
204410,2024,449015.3300000001
74171,2023,448423.7599999994
220651,2023,448404.58999999985
161550,2023,447415.51999999984
220609,2023,447411.92
220554,2024,447374.57999998814
204512,2023,447244.6699999998
141458,2025,447097.0900000005
220565,2023,446699.40999999974
204462,2025,445908.7700000001
74537,2023,445832.44000000035
157130,2024,445578.1200000004
204560,2024,445351.8499999999
220602,2023,445259.95999999956
209787,2025,445098.1900000004
220566,2023,444791.97000000015
178854,2025,444712.71
109429,2023,444629.7799999999
220589,2024,444343.69000000006
220706,2023,444235.6899999997
220623,2025,443767.37000000034
220576,2024,443444.1799999999
74075,2023,443341.8299999993
205550,2024,443011.04000000015
178884,2025,442909.21
204456,2023,442769.60999999975
220534,2025,442429.35999999987
220641,2023,442273.9800000003
178943,2023,442091.60999999923
73531,2024,441285.34999999974
204441,2023,440980.3199999996
204368,2023,440706.0100000002
74856,2023,440545.4199999998
204482,2023,440093.5999999999
165470,2025,440033.45999999985
74784,2024,439899.38000000076
160512,2025,439806.4200000003
171786,2024,439505.2400000001
74158,2023,439179.29999999964
220676,2024,438656.7700000001
220623,2024,438423.61999999976
73801,2025,438325.3599999998
220650,2023,438089.65
73579,2025,437925.65
178895,2023,437707.3099999997
178896,2023,436952.36999999994
220616,2023,436903.50999999925
220570,2023,436760.80999999994
204488,2023,436685.2200000002
220630,2023,436348.1099999992
160629,2024,436084.66000000015
160575,2024,436026.7999999992
204571,2025,436004.53000000014
178937,2025,435203.9199999996
74161,2023,435072.24000000063
160599,2024,434774.6700000035
98148,2024,434608.38999999996
204459,2024,434492.3899999997
220533,2024,434408.10000000073
204571,2024,434086.1100000003
198783,2023,433799.0200000003
204456,2024,433757.11000000016
204450,2025,433685.00000000006
122158,2024,433558.8700000007
66828,2023,432816.44999999984
160575,2025,432742.9699999972
73778,2024,432609.25000000023
122158,2023,431828.9999999996
220616,2025,431732.3199999998
98057,2023,431660.3700000002
220683,2024,431606.44999999995
220569,2024,431110.7
204539,2024,429950.9099999999
160510,2024,428763.21999999956
204404,2023,428682.02999999933
220657,2025,427684.9399999997
204404,2024,426984.3600000008
220641,2024,426978.60000000015
220613,2025,426676.4999999999
220681,2023,426259.32000000007
220568,2024,425739.6899999999
73801,2024,424750.05
220532,2024,423937.85
141531,2023,423674.7799999998
220565,2025,423461.50999999995
204574,2024,423420.84
220675,2025,422953.31999999983
73701,2023,422878.5099999999
178881,2024,422217.73999999976
204560,2023,422034.4900000004
231911,2025,421733.9699999986
220644,2025,421668.55999999994
220624,2023,421425.32000000024
220588,2023,419649.4300000002
220533,2025,419635.66000000003
204394,2023,419627.94999999995
220638,2023,419190.80000000005
220621,2024,418928.3100000004
220613,2023,417842.53999999963
204549,2024,417461.62000000017
204494,2023,416833.57999999943
220585,2023,416613.28000000014
220667,2023,416436.63000000035
204374,2025,415996.0399999999
204520,2025,415001.7499999996
204572,2023,414997.71
178946,2025,414968.38000000035
220645,2023,414937.0899999999
220532,2023,414839.91999999987
204372,2024,414834.36000000004
220604,2023,414475.6000000001
204450,2024,413469.7400000009
73579,2023,413331.33000000013
209787,2024,413138.66999999987
204464,2023,413108.29999999993
160535,2023,412340.99000000063
141391,2023,412034.1499999992
220630,2025,411739.72999999975
74273,2023,411624.51000000024
74574,2024,410856.21000000025
220567,2023,410223.57
220682,2023,409705.5199999991
204550,2024,409662.61000000004
160976,2024,409613.2400000005
204407,2024,409255.8999999998
74160,2023,409247.87000000075
220552,2024,408741.08000000066
204571,2023,406960.23000000016
98148,2023,406939.78999999986
73788,2025,406916.73
220526,2023,405463.0099999999
204374,2024,404175.86000000016
74478,2024,403924.40999999986
220686,2024,403179.26999999996
220644,2023,403120.0099999998
220534,2023,402542.63999999996
74079,2023,401887.3900000001
141458,2023,401468.17000000004
161440,2025,401229.58999999973
74858,2025,401088.13999999996
220638,2024,400750.40000000014
74270,2023,398511.25999999983
74079,2025,398362.4099999999
157130,2023,398140.6099999996
220686,2023,397838.5099999998
121948,2023,397621.7499999994
204436,2024,397587.01000000007
160598,2023,397363.39999999985
74848,2023,395859.05999999965
220605,2023,395707.7499999995
178966,2023,394559.5699999999
73801,2023,393980.18000000017
220572,2023,393711.37999999995
204485,2024,392448.82999999984
204394,2024,391833.2100000003
160635,2024,391237.02
220638,2025,390526.7999999999
178972,2023,390456.66999999975
160575,2023,389967.47999999917
204444,2025,389442.7900000002
220576,2023,387585.35999999987
160629,2023,387434.2499999998
74454,2025,387008.9
204524,2025,386515.92000000016
204361,2023,385774.2100000002
204535,2023,385495.71
204436,2025,385295.2100000002
204444,2024,384876.92999999993
220604,2024,384620.7400000004
204570,2024,382799.12000000005
220598,2023,382559.4099999996
223128,2023,382057.1399999998
204497,2024,382053.30000000016
73433,2023,380646.88999999984
178886,2025,380564.68000000017
220635,2024,380354.12
166402,2023,379045.8799999999
74283,2023,378822.6899999999
74848,2024,378610.7200000003
74858,2024,378387.6700000008
220629,2023,378274.4100000002
204525,2024,376810.8700000004
220707,2024,376062.87999999983
161440,2024,375730.4600000001
141431,2023,375392.39999999973
74044,2024,375215.43000000005
204412,2023,374406.48000000056
220568,2023,374209.8299999999
224333,2023,373636.7500000002
160598,2024,373612.6
220560,2024,373462.54000000015
160604,2024,372957.46000000037
220566,2024,371941.8299999999
220532,2025,371711.33999999973
204497,2025,371499.59999999986
205865,2023,371005.8199999999
220585,2024,370687.8799999999
204515,2025,369869.3700000001
220621,2023,369643.57
171617,2023,367932.0499999999
220687,2024,365137.0600000001
220654,2023,364773.30999999976
178975,2025,364583.17
204494,2024,362971.9099999998
220618,2023,357983.7000000001
220644,2024,357913.27999999997
220567,2024,357846.46
204549,2025,357212.05999999994
178937,2023,356951.66000000015
220691,2023,356942.2000000006
204374,2023,355112.03
220563,2024,351572.2100000002
160640,2023,351424.8199999995
98615,2023,349801.5199999997
178989,2024,349041.83000000025
204369,2025,346553.7100000001
204485,2023,345517.5399999998
160541,2025,345256.2799999999
220665,2024,345108.2399999999
230765,2025,344137.62000000005
221329,2025,344096.6300000002
141516,2023,343264.22000000015
204364,2024,343025.9799999999
204436,2023,342906.13999999966
138286,2023,341423.0400000001
204474,2023,341282.80999999994
160161,2025,340775.20000000007
220653,2024,340696.1800000001
178873,2024,339547.68999999936
74784,2023,338987.4800000004
220565,2024,336260.75
220653,2023,335394.81
204497,2023,335349.49000000005
214694,2025,334446.45000000007
220526,2025,333313.35
160545,2023,333112.4299999998
220549,2025,332328.3700000003
204449,2024,332049.9799999999
178985,2023,330971.8700000005
204485,2025,329319.42000000016
220702,2024,325076.54000000004
178975,2023,325059.07000000024
178985,2025,324636.62000000017
74158,2024,323058.6299999999
74075,2024,320983.8000000001
74079,2024,319123.35999999987
220681,2024,315650.3000000001
73604,2024,315113.12000000017
204559,2024,314769.57999999996
178946,2023,313173.06
178985,2024,313122.07999999996
178876,2023,312902.11
204539,2023,312746.47
204444,2023,311432.2299999999
74299,2023,311165.2200000002
204419,2025,311132.8
178975,2024,310788.95999999996
220657,2023,309814.8900000001
204482,2025,307601.79999999993
204520,2023,307197.5899999995
72442,2023,306633.27999999974
226179,2024,304824.50999999983
204462,2023,303899.3200000005
204459,2025,302704.1
204482,2024,302311.0400000002
220661,2023,299121.73999999976
178873,2023,297749.5899999987
161440,2023,296889.06000000023
220549,2024,296342.89
73441,2025,296291.48000000016
204460,2024,294885.3000000003
133810,2025,294073.2400000001
178946,2024,290739.3400000002
204474,2024,288606.95999999996
141450,2024,286639.30000000034
220549,2023,284030.31999999937
160510,2023,283602.55000000005
74554,2025,282813.1100000001
138286,2024,281166.85000000015
220665,2023,281100.7499999998
73531,2023,280844.1999999997
156190,2025,279957.5199999998
221338,2023,278880.44999999966
74478,2023,278819.19999999966
204553,2023,278188.80000000005
220552,2023,278089.53000000026
137070,2024,276585.93
204536,2023,275440.47
133810,2024,274201.1200000003
156190,2024,273520.2000000002
204361,2024,272443.19000000024
220673,2025,271853.95
220564,2024,270419.55000000005
133810,2023,268469.3100000001
204549,2023,267980.39999999997
204387,2023,266141.29999999976
204496,2023,261733.86999999994
178896,2024,259143.92000000022
143942,2025,258699.5599999999
74075,2025,257021.79000000004
73441,2024,256857.30000000002
178962,2023,254347.7499999998
204520,2024,254103.43999999997
156190,2023,252554.22999999978
220569,2023,250396.2899999999
204489,2024,247879.84000000008
218086,2023,244828.6
204387,2025,243680.52999999968
220650,2024,243673.17000000022
178972,2024,241947.47999999998
198197,2023,240722.5399999997
73441,2023,240389.27999999997
220653,2025,240150.19
160545,2024,240083.55000000005
204387,2024,240010.6300000001
209787,2023,239697.87999999983
220650,2025,239328.84999999992
178831,2025,238129.40999999992
143942,2023,237859.79000000007
160561,2025,236605.68999999997
137070,2025,236479.9999999999
178966,2024,236356.75999999995
160641,2025,232515.39000000004
204526,2023,230698.42999999985
204553,2024,225857.44
220673,2024,224013.33000000005
220568,2025,222675.17000000004
204365,2025,220882.58000000013
221329,2023,216884.39000000004
141518,2024,216308.93000000023
226179,2023,209875.48999999993
220657,2024,206494.53000000014
233594,2025,205411.6
171623,2025,203991.43
74299,2024,202537.82999999993
220571,2024,200438.6900000001
220571,2025,200119.84000000008
73778,2023,196901.49000000008
204362,2023,193758.0499999998
225730,2023,192780.17999999996
143084,2025,187929.44999999987
220673,2023,184868.97
204369,2024,184532.38000000003
141533,2025,181141.44
229585,2024,171584.14
226708,2023,170192.67999999996
178884,2024,169385.3699999999
204536,2024,162356.3400000001
204365,2024,152679.63000000012
227991,2024,149154.14000000007
220533,2023,147137.81999999983
227310,2024,142960.41999999998
220551,2026,141353.07999999996
74454,2026,140213.0
128760,2024,138889.72000000003
204536,2025,138809.32000000007
123756,2026,138001.89
220538,2026,137240.95
204422,2023,136516.04000000004
230768,2026,136136.53
204369,2023,134216.77999999997
204426,2026,133822.05
74090,2026,132391.92
220676,2023,131779.22999999984
226179,2026,129481.5299999999
220693,2026,127709.77999999998
141450,2023,127405.11999999982
220642,2024,126543.06000000001
205865,2026,125924.17000000003
220590,2026,125287.03
220624,2026,124614.85
220712,2024,123498.56
220676,2026,123050.03
204512,2026,122676.21
204419,2026,121696.3
81055,2026,120915.50999999998
220609,2026,119545.68
204459,2023,119250.72999999988
220599,2026,118020.07000000002
204365,2023,117227.87000000008
160632,2026,116313.06999999998
226708,2026,115990.77000000002
204553,2025,115477.98000000005
74044,2026,114903.11
220669,2026,114220.29999999999
204410,2026,112940.20000000007
231911,2026,112325.64999999998
220533,2026,111556.66
220571,2023,110982.78999999989
204356,2026,110971.20999999999
204388,2026,110422.85999999994
220665,2026,110214.45999999999
74065,2025,110034.36
69871,2026,109719.07999999999
160541,2023,109541.73999999989
226837,2026,107949.06999999999
220675,2026,107461.01000000001
220557,2026,107402.47
204526,2026,106869.08999999997
73768,2026,106858.56
204372,2023,106261.17
160559,2026,105969.26999999995
143632,2026,105718.74
66828,2026,105610.81999999999
160556,2026,105554.5
160591,2026,105430.20000000001
209189,2026,105262.20999999999
220642,2026,105169.69999999998
204406,2026,103975.14
220662,2026,103899.78
188097,2026,103672.98000000003
224117,2026,103000.0
178895,2026,102671.72
74158,2026,102169.57
218086,2026,101925.05000000008
220585,2026,101583.59
220592,2026,101348.92
224333,2026,101291.22999999998
74374,2026,101077.08
220708,2026,100573.31999999996
178871,2026,100433.09000000001
191923,2026,99787.93000000001
98148,2026,99701.54999999999
178966,2026,99241.03000000001
220578,2026,98679.92
160538,2026,98545.77000000002
220528,2026,98542.64
220608,2026,98315.45999999999
220702,2026,98138.86999999998
74159,2026,97997.39
204528,2025,97915.60000000002
204498,2026,97379.68999999999
162067,2026,97373.81
204504,2026,97311.73
74856,2026,97311.54000000001
204362,2026,97049.01
204364,2026,96916.69999999998
226837,2023,96625.67000000003
220544,2026,96582.2
141458,2026,96368.06000000003
160600,2026,96231.71000000004
141421,2026,95741.75000000001
160635,2026,95708.76999999999
74383,2026,95700.26
210989,2026,95320.46
160629,2026,94785.73999999999
220633,2026,93906.70999999999
220588,2026,93369.4
72442,2026,93363.87
230957,2026,93137.88999999998
204460,2026,93029.83000000002
62881,2026,92948.77000000005
74041,2026,92660.08999999998
178835,2026,92448.63999999998
160642,2026,92312.93999999999
109429,2026,92026.53999999998
74376,2026,91649.25999999998
73579,2026,91596.17
204409,2026,91568.79000000001
220546,2026,91528.79
220704,2026,91506.01000000001
178831,2026,91277.63
178866,2026,91172.96
178963,2026,91017.03
220671,2026,90917.23999999999
204360,2026,90871.44999999998
73692,2026,90800.76
220584,2026,90778.77
220612,2026,90385.5
74398,2026,90251.92000000003
122158,2026,90193.42
220598,2026,90186.13
220654,2026,89521.74
73778,2026,89457.69
141470,2026,89452.66
223128,2026,89412.64
204494,2026,89184.85000000003
220685,2026,89145.21999999997
220558,2026,88913.42000000003
204431,2026,88500.0
220688,2026,88369.95000000001
160601,2026,88055.7
80815,2026,88004.96999999999
220559,2026,88000.61999999998
220536,2026,87973.26000000001
178983,2025,87726.29000000002
220603,2026,87680.93000000001
92776,2026,87455.79000000001
98057,2026,87260.26
220703,2026,87050.93000000001
220610,2026,87038.70999999999
220620,2026,87003.28
220715,2025,86891.11999999998
204396,2026,86546.96000000002
220625,2026,86376.51000000001
220591,2026,86187.94000000002
178989,2026,86143.18
220684,2026,86070.96999999999
220635,2026,85991.28000000001
220561,2026,85964.56
141411,2026,85957.66000000002
92699,2026,85675.57999999999
220626,2026,85636.3
178987,2026,85602.32
220529,2026,85395.17000000001
160610,2026,85087.07
233594,2026,84989.48
178829,2026,84919.98000000004
178843,2026,84915.81999999999
220556,2026,84513.33999999997
220606,2026,84386.65999999999
141459,2026,84275.69
220540,2026,84168.24
74784,2026,84154.11000000002
220560,2026,84087.15
220564,2026,83997.7
220651,2026,83862.93
220542,2026,83319.62999999999
178934,2026,83272.83
204567,2026,83238.91000000002
220570,2026,82986.55
139285,2026,82958.38000000003
221328,2026,82885.64
178908,2026,82472.57
220658,2026,82403.21999999999
204378,2026,82107.28
220618,2026,82065.17000000001
178954,2026,82056.59000000003
220537,2026,81595.84999999999
74060,2026,81551.31000000001
141450,2026,81533.02000000002
220677,2026,81250.09000000001
178992,2026,81238.05000000002
220548,2026,81046.04999999999
220663,2026,80895.75000000001
74356,2026,80761.55
220646,2026,80726.19999999997
220567,2026,80645.74
204457,2026,80384.65000000001
121948,2026,80371.13999999998
160641,2026,80276.62
74171,2026,80272.82000000002
204480,2026,80115.34000000001
178970,2026,80031.17000000001
220615,2026,79909.54000000002
74537,2026,79857.32999999999
73486,2026,79735.57999999999
178929,2026,79043.17000000004
157130,2026,78913.78
138286,2026,78839.85
204559,2026,78668.06
222429,2026,78658.44
220701,2026,78549.51999999996
74065,2026,78379.69
141485,2026,78328.52000000002
204489,2023,78259.90999999999
74057,2026,78168.08
178933,2026,78020.89999999998
141518,2026,77979.15999999999
204362,2024,77946.58
204488,2026,77875.33
160541,2024,77815.35999999999
204524,2026,77793.73999999999
221148,2026,77755.43999999999
204486,2026,77701.31000000001
74160,2026,77495.59999999996
160674,2026,77427.34
180214,2026,77419.61
178986,2026,77414.64000000001
220670,2026,77290.94000000002
220691,2026,77191.98999999998
220573,2026,77122.20999999999
204472,2026,77120.84999999999
141464,2026,77000.45999999999
77003,2026,76847.21
204422,2026,76750.19000000002
220581,2026,76675.69
220589,2026,76557.64
220539,2026,76553.27
220641,2026,76256.79
220640,2026,76238.57
74299,2026,76233.27000000005
160665,2026,76141.38
220574,2026,75802.06999999999
220712,2026,75684.51000000001
204449,2026,75603.12
160666,2026,75585.36999999998
92102,2026,75437.32999999999
178985,2026,75396.04999999994
160598,2026,75294.01000000001
178997,2026,75290.04000000001
204474,2026,75246.75
74156,2026,75112.75999999997
220690,2026,75080.01000000001
91228,2026,75052.75
98615,2026,74871.42
104552,2026,74845.37
171623,2024,74665.07999999999
220632,2026,74624.64
220664,2026,74613.95999999998
220572,2026,74517.62
74262,2026,74501.84999999998
74283,2026,74499.04
220628,2026,74398.87
204518,2026,74350.63999999998
204525,2026,74139.58000000002
220530,2026,74091.94999999998
178927,2026,73945.45
220672,2026,73756.49999999999
204560,2026,73645.39
204411,2026,73621.95999999999
141398,2026,73595.40999999997
220554,2026,73507.56000000032
160552,2023,73237.53
74371,2026,73170.67
220621,2026,73063.09
220699,2026,72997.42
204511,2026,72807.53
220607,2026,72571.87
178884,2026,72517.95
220553,2026,72504.07000000002
220597,2026,72383.76
220667,2026,72327.48
74550,2026,72272.10999999999
220613,2026,72243.85
204408,2026,72224.21
220631,2026,71733.05999999995
160588,2026,71494.99999999997
214694,2026,71435.82
178896,2026,71314.88999999994
204473,2026,71274.41
178947,2026,71070.15999999997
213762,2026,70994.97
171617,2026,70922.52000000002
220605,2026,70731.56000000007
206018,2026,70718.95000000006
204423,2026,70685.96
220683,2026,70498.53000000001
141408,2026,70363.31
160535,2026,70344.93000000004
204570,2026,70279.36
198197,2026,70212.39
230767,2026,69969.75999999998
160552,2024,69911.89999999997
220583,2026,69767.14
160604,2026,69557.86000000003
74848,2026,69543.65999999999
178993,2026,69392.81
179000,2026,69291.44
204535,2026,69014.68
220545,2026,68912.75
141431,2026,68821.92
74428,2026,68671.36
198783,2026,68661.57
204358,2026,68606.27
160640,2026,68562.54000000001
160575,2026,68320.78000000001
204540,2026,68306.68000000001
220695,2026,68208.90000000001
161440,2026,68059.25
74317,2026,67557.73
178964,2026,67468.81000000001
204374,2026,67398.36
204557,2026,67347.95
204361,2025,67216.78999999998
122974,2026,67179.7
204528,2024,67109.05000000006
141456,2026,66984.21999999999
204501,2026,66940.83
220611,2026,66549.19
220565,2026,66501.03
220563,2026,66405.20999999999
230765,2026,66259.27
133439,2026,66175.70999999999
204485,2026,66007.31999999999
88256,2026,65997.0
204351,2026,65926.49
178975,2026,65655.97
220532,2026,65578.64
220595,2026,65401.95000000001
234788,2026,65274.899999999994
220648,2026,65105.079999999994
179001,2026,65028.75000000001
204372,2026,64986.33
74400,2026,64955.41
209787,2026,64797.53999999998
220649,2026,64769.03000000003
220652,2026,64608.58000000001
160552,2026,64553.05
204464,2026,64548.84000000001
74585,2026,64459.130000000005
220526,2026,64305.34999999999
234673,2026,64272.33
204441,2026,64256.840000000004
141487,2026,64176.04000000001
107970,2026,64166.92999999999
136811,2026,64143.939999999995
229585,2026,64107.74
137070,2026,64099.79999999999
160673,2026,63987.669999999984
204412,2026,63894.10000000001
220674,2026,63744.10999999999
178860,2026,63487.240000000005
220666,2026,63480.16000000001
160527,2026,63352.24
220576,2026,63143.979999999996
220543,2026,62877.58
204534,2026,62688.61
220696,2026,62297.72
178876,2026,62149.10999999999
220655,2026,62134.7
220550,2026,62102.479999999996
73788,2026,61689.96000000001
204453,2026,61669.07
178854,2026,61574.01
74270,2026,61560.79000000001
74253,2026,61273.98
204492,2026,61233.729999999996
204479,2026,61047.810000000005
204355,2026,61036.60999999999
225730,2026,60926.67
73701,2026,60798.600000000006
74467,2026,60641.74999999999
204394,2026,60349.01999999999
220668,2026,60295.75000000001
204404,2026,60003.35000000001
220645,2026,59992.87000000001
204528,2023,59954.370000000075
204407,2026,59406.61000000001
220604,2026,59396.01999999999
171786,2026,58903.62999999999
160517,2026,58637.94000000002
178937,2026,57942.619999999995
205476,2026,57863.55000000001
73808,2025,57523.79999999997
160518,2026,57155.61000000001
141531,2026,57061.22000000001
160561,2026,57000.969999999994
204456,2026,56669.76
234310,2026,56625.349999999984
153423,2026,56415.799999999996
204508,2026,56348.16000000004
175765,2026,55791.43
73808,2026,55547.090000000004
73801,2026,55447.140000000014
220547,2026,55406.88000000001
160553,2026,55069.41999999999
220566,2026,54890.85999999999
74273,2026,54619.24000000002
220552,2026,54487.219999999994
220638,2026,54446.36
204572,2026,54413.07
74554,2026,54379.37000000001
204367,2026,53489.2
204481,2026,53458.59999999999
204550,2026,53423.97
178857,2026,53415.88000000002
220682,2026,53350.27999999999
234253,2025,53345.5
160510,2026,53133.01000000001
204450,2023,53109.84000000002
160599,2026,52909.55999999991
220617,2026,52799.69
204445,2026,52716.88000000001
166402,2026,52655.01
204398,2026,52643.490000000005
160569,2026,52502.58
220594,2026,52271.46
74043,2026,52051.03999999999
220661,2026,51946.88
220707,2026,51860.05
220582,2026,51436.27
204571,2026,51370.79
74084,2026,51312.58000000002
156190,2026,51293.05
160758,2026,50546.11000000006
204455,2026,50335.310000000005
171623,2026,50331.66000000001
160976,2026,50028.520000000004
160548,2026,50009.32000000001
204506,2026,49995.33
234310,2025,49460.68
178881,2026,49394.560000000005
220657,2026,49182.80999999999
73604,2026,49122.93999999999
123086,2026,49082.47000000001
220694,2026,48779.280000000006
74161,2026,48395.45000000001
178943,2026,47832.229999999996
160558,2026,47830.63999999999
227310,2026,47648.96000000002
178983,2023,47288.330000000045
220569,2026,47283.270000000004
221338,2026,47271.83999999999
178858,2026,47265.65
221329,2026,47205.61
160592,2026,46844.62
204416,2026,46778.89
165470,2026,46491.630000000005
141391,2026,46273.6
220653,2026,45800.380000000005
204427,2026,45705.380000000005
204462,2026,45596.910000000025
178983,2026,45505.76999999999
220527,2026,45001.69
133810,2026,44610.079999999994
220644,2026,44514.569999999985
141533,2026,44410.380000000005
141516,2026,44333.24
204482,2026,44276.529999999984
220650,2026,44269.83
178873,2026,44246.30000000002
178887,2026,44087.69
220555,2026,43751.82000000003
220623,2026,43697.080000000016
74478,2026,43458.72
73433,2026,43424.48
220549,2026,43021.3
74646,2026,42936.54999999999
204390,2026,42758.33
204489,2026,42752.759999999995
74574,2026,42684.04
204368,2026,42543.82
204379,2026,42510.62
204574,2026,42456.07999999999
178910,2026,40998.02
220697,2026,40291.399999999994
161550,2026,39878.08
220586,2026,39501.1
178931,2026,39206.37999999999
234673,2025,39005.2
160545,2025,38754.98000000002
220673,2026,38733.72
235088,2026,38550.02
204450,2026,38154.950000000004
178972,2026,37968.499999999985
178983,2024,37882.439999999995
143084,2026,37727.3
205550,2026,37662.19000000001
204517,2026,37657.590000000004
73531,2026,37653.55
143942,2024,36952.399999999994
220568,2026,36890.03
129618,2026,36738.95
150418,2026,36585.66
204549,2026,36489.82000000001
204395,2026,36204.31
66385,2026,34913.69
204444,2026,34214.82
128760,2023,34095.18
74858,2026,33829.63999999999
204387,2026,32938.97000000001
227310,2023,32201.09
204365,2026,31810.01
220602,2026,31752.12
220534,2026,31416.66
220687,2026,31315.349999999995
220647,2026,31239.29
220692,2026,30906.61
204496,2026,30457.81
220616,2026,30235.569999999992
73808,2023,30070.05
204515,2026,29721.08000000001
141555,2026,28508.640000000007
178886,2026,27966.929999999997
162332,2026,27419.539999999997
220571,2026,27106.24
220700,2026,26510.21
204459,2026,26305.71
74079,2026,26135.0
178946,2026,25251.31
143942,2026,25073.94
220715,2024,24844.829999999998
220629,2026,24081.609999999997
204449,2023,23500.0
220714,2026,22857.210000000003
204491,2026,22225.809999999998
204495,2026,21830.289999999997
221329,2024,19246.03
73441,2026,19039.270000000004
204436,2026,18785.82
220706,2026,18484.52
220686,2026,18117.989999999998
204369,2026,17590.739999999998
222565,2026,17582.16
175765,2024,17257.95
204536,2026,16815.309999999998
178962,2026,16197.35
77003,2025,15476.53
234788,2025,15194.4
160512,2026,15142.8
204361,2026,14910.869999999997
74075,2026,13287.38
141518,2023,13015.849999999999
220715,2023,12966.5
160161,2026,12819.42
204531,2025,12232.65
204520,2026,11822.389999999998
160541,2026,11559.09
204531,2026,11272.85
204528,2026,11042.139999999998
204539,2026,11007.369999999999
215043,2026,10594.24
204391,2026,8442.05
73808,2024,8192.5
204497,2026,7928.379999999999
220715,2026,6523.98
204553,2026,6445.01
227991,2026,5150.079999999999
128760,2026,3418.7799999999997
220642,2023,3126.95
220681,2026,3049.31
220630,2026,2254.2799999999997
204531,2023,1638.0
204531,2024,1392.2
73788,2023,830.24
178962,2025,646.3
178884,2023,376.45
220713,2026,300.0
220646,2024,152.44
160641,2023,117.9
178831,2023,44.09
178962,2024,-381.419999999998
204496,2024,-1414.22
